{"cameraMode":{"drawMode":0,"name":"Shaded","section":"Shading Mode"},"sceneLighting":false,"audioPlay":false,"sceneViewState":{"m_AlwaysRefresh":false,"showFog":true,"showSkybox":false,"showFlares":true,"showImageEffects":true,"showParticleSystems":true,"showVisualEffectGraphs":true,"m_FxEnabled":true},"in2DMode":false,"pivot":{"x":315.7532043457031,"y":349.79742431640627,"z":125.80215454101563},"rotation":{"x":-0.09764702618122101,"y":0.002097459277138114,"z":-0.000115510294563137,"w":-0.9951010346412659},"size":155.68603515625,"orthographic":false}