{"cameraMode":{"drawMode":0,"name":"Shaded","section":"Shading Mode"},"sceneLighting":false,"audioPlay":false,"sceneViewState":{"m_AlwaysRefresh":false,"showFog":true,"showSkybox":false,"showFlares":true,"showImageEffects":true,"showParticleSystems":true,"showVisualEffectGraphs":true,"m_FxEnabled":true},"in2DMode":false,"pivot":{"x":-0.3547362983226776,"y":-2.212357759475708,"z":5.7023491859436039},"rotation":{"x":-0.18072915077209474,"y":0.02867826074361801,"z":-0.0048826695419847969,"w":-0.9829990863800049},"size":3.535533905029297,"orthographic":false}