{"cameraMode":{"drawMode":0,"name":"Shaded","section":"Shading Mode"},"sceneLighting":true,"audioPlay":false,"sceneViewState":{"m_AlwaysRefresh":false,"showFog":true,"showSkybox":true,"showFlares":true,"showImageEffects":true,"showParticleSystems":true,"showVisualEffectGraphs":true,"m_FxEnabled":true},"in2DMode":false,"pivot":{"x":-0.00011377785267541185,"y":4.0564351081848148,"z":-15.179669380187989},"rotation":{"x":-0.12887436151504517,"y":0.03483971953392029,"z":-0.004167972132563591,"w":-0.990941047668457},"size":0.7946674823760986,"orthographic":false}