{"cameraMode":{"drawMode":0,"name":"Shaded","section":"Shading Mode"},"sceneLighting":true,"audioPlay":false,"sceneViewState":{"m_AlwaysRefresh":false,"showFog":true,"showSkybox":true,"showFlares":true,"showImageEffects":true,"showParticleSystems":true,"showVisualEffectGraphs":true,"m_FxEnabled":true},"in2DMode":false,"pivot":{"x":7.338209629058838,"y":11.726082801818848,"z":-16.582033157348634},"rotation":{"x":-0.3020045757293701,"y":0.19752180576324464,"z":-0.06375101953744888,"w":-0.9303372502326965},"size":1.3149205446243287,"orthographic":false}