{"cameraMode":{"drawMode":0,"name":"Shaded","section":"Shading Mode"},"sceneLighting":true,"audioPlay":false,"sceneViewState":{"m_AlwaysRefresh":false,"showFog":true,"showSkybox":true,"showFlares":true,"showImageEffects":true,"showParticleSystems":true,"showVisualEffectGraphs":true,"m_FxEnabled":true},"in2DMode":false,"pivot":{"x":5.550479888916016,"y":2.5653369426727297,"z":-5.759033679962158},"rotation":{"x":0.18900582194328309,"y":0.07668264210224152,"z":-0.015413441695272923,"w":0.9787167906761169},"size":7.062634468078613,"orthographic":false}