{"cameraMode":{"drawMode":0,"name":"Shaded","section":"Shading Mode"},"sceneLighting":true,"audioPlay":false,"sceneViewState":{"m_AlwaysRefresh":false,"showFog":true,"showSkybox":true,"showFlares":true,"showImageEffects":true,"showParticleSystems":true,"showVisualEffectGraphs":true,"m_FxEnabled":true},"in2DMode":false,"pivot":{"x":-10.549264907836914,"y":-49.174747467041019,"z":120.13716125488281},"rotation":{"x":-0.19823767244815827,"y":0.04760628566145897,"z":-0.009651337750256062,"w":-0.978893518447876},"size":75.66372680664063,"orthographic":false}