{"cameraMode":{"drawMode":0,"name":"Shaded","section":"Shading Mode"},"sceneLighting":true,"audioPlay":false,"sceneViewState":{"showFog":true,"showMaterialUpdate":false,"showSkybox":true,"showFlares":true,"showImageEffects":true,"showParticleSystems":true},"in2DMode":false,"pivot":{"x":2.2510480880737306,"y":5.85589075088501,"z":-13.532106399536133},"rotation":{"x":-0.19755065441131593,"y":0.22333268821239472,"z":-0.04627491533756256,"w":-0.9533913135528565},"size":10.0,"orthographic":false}