{"cameraMode":{"drawMode":0,"name":"Shaded","section":"Shading Mode"},"sceneLighting":false,"audioPlay":false,"sceneViewState":{"m_AlwaysRefresh":false,"showFog":true,"showSkybox":false,"showFlares":true,"showImageEffects":true,"showParticleSystems":true,"showVisualEffectGraphs":true,"m_FxEnabled":true},"in2DMode":false,"pivot":{"x":4.174694061279297,"y":2.4364569187164308,"z":-2.031981945037842},"rotation":{"x":-0.1259503960609436,"y":0.015486307442188263,"z":-0.0018527272623032332,"w":-0.9917948842048645},"size":3.0466723442077638,"orthographic":false}